﻿<?xml version="1.0" encoding="utf-8"?>
<abapGit version="v1.0.0" serializer="LCL_OBJECT_PROG" serializer_version="v1.0.0">
 <asx:abap xmlns:asx="http://www.sap.com/abapxml" version="1.0">
  <asx:values>
   <PROGDIR>
    <NAME>ZABAP_MG_020A</NAME>
    <SUBC>1</SUBC>
    <RLOAD>E</RLOAD>
    <FIXPT>X</FIXPT>
    <UCCHECK>X</UCCHECK>
   </PROGDIR>
   <TPOOL>
    <item>
     <ID>R</ID>
     <ENTRY>ABAP Offset / Comparison Operat./SNRO Numara araligi vers.s:273</ENTRY>
     <LENGTH>64</LENGTH>
    </item>
    <item>
     <ID>S</ID>
     <KEY>P_AD</KEY>
     <ENTRY>AD:</ENTRY>
     <LENGTH>11</LENGTH>
    </item>
    <item>
     <ID>S</ID>
     <KEY>P_SAD</KEY>
     <ENTRY>SOYAD:</ENTRY>
     <LENGTH>14</LENGTH>
    </item>
    <item>
     <ID>S</ID>
     <KEY>P_TARIH</KEY>
     <ENTRY>DOGUM TARIHI:</ENTRY>
     <LENGTH>21</LENGTH>
    </item>
   </TPOOL>
  </asx:values>
 </asx:abap>
</abapGit>
