﻿<?xml version="1.0" encoding="utf-8"?>
<abapGit version="v1.0.0" serializer="LCL_OBJECT_PROG" serializer_version="v1.0.0">
 <asx:abap xmlns:asx="http://www.sap.com/abapxml" version="1.0">
  <asx:values>
   <PROGDIR>
    <NAME>ZABAP_MG_006D</NAME>
    <SUBC>1</SUBC>
    <RLOAD>E</RLOAD>
    <FIXPT>X</FIXPT>
    <UCCHECK>X</UCCHECK>
   </PROGDIR>
   <TPOOL>
    <item>
     <ID>I</ID>
     <KEY>001</KEY>
     <ENTRY>Gerekli Alanlari Doldurunuz.</ENTRY>
     <LENGTH>56</LENGTH>
    </item>
    <item>
     <ID>R</ID>
     <ENTRY>FOR ALL ENTRIES IN (SCARR_ SPFLI _SFLIGHT)</ENTRY>
     <LENGTH>42</LENGTH>
    </item>
    <item>
     <ID>S</ID>
     <KEY>SO_CNAME</KEY>
     <ENTRY>AIRLINES CARRNAME</ENTRY>
     <LENGTH>25</LENGTH>
    </item>
   </TPOOL>
  </asx:values>
 </asx:abap>
</abapGit>
