﻿<?xml version="1.0" encoding="utf-8"?>
<abapGit version="v1.0.0" serializer="LCL_OBJECT_PROG" serializer_version="v1.0.0">
 <asx:abap xmlns:asx="http://www.sap.com/abapxml" version="1.0">
  <asx:values>
   <PROGDIR>
    <NAME>ZABAP_MG_007</NAME>
    <SUBC>1</SUBC>
    <RLOAD>E</RLOAD>
    <FIXPT>X</FIXPT>
    <UCCHECK>X</UCCHECK>
   </PROGDIR>
   <TPOOL>
    <item>
     <ID>I</ID>
     <KEY>001</KEY>
     <ENTRY>Gerekli verileri giriniz.</ENTRY>
     <LENGTH>50</LENGTH>
    </item>
    <item>
     <ID>R</ID>
     <ENTRY>Encapsulation_ Perform_Include</ENTRY>
     <LENGTH>30</LENGTH>
    </item>
    <item>
     <ID>S</ID>
     <KEY>P_BUT1</KEY>
     <ENTRY>BUTON 1:</ENTRY>
     <LENGTH>16</LENGTH>
    </item>
    <item>
     <ID>S</ID>
     <KEY>P_BUT2</KEY>
     <ENTRY>BUTON 2:</ENTRY>
     <LENGTH>16</LENGTH>
    </item>
    <item>
     <ID>S</ID>
     <KEY>P_QUEST</KEY>
     <ENTRY>SORU</ENTRY>
     <LENGTH>12</LENGTH>
    </item>
    <item>
     <ID>S</ID>
     <KEY>P_TITLE</KEY>
     <ENTRY>BASLIK</ENTRY>
     <LENGTH>14</LENGTH>
    </item>
   </TPOOL>
  </asx:values>
 </asx:abap>
</abapGit>
