﻿<?xml version="1.0" encoding="utf-8"?>
<abapGit version="v1.0.0" serializer="LCL_OBJECT_CLAS" serializer_version="v1.0.0">
 <asx:abap xmlns:asx="http://www.sap.com/abapxml" version="1.0">
  <asx:values>
   <VSEOCLASS>
    <CLSNAME>ZALISTIRMA_CLS_MG_06</CLSNAME>
    <LANGU>E</LANGU>
    <DESCRIPT>Alistirma 6 -s -223</DESCRIPT>
    <STATE>1</STATE>
    <CLSCCINCL>X</CLSCCINCL>
    <FIXPT>X</FIXPT>
    <UNICODE>X</UNICODE>
   </VSEOCLASS>
   <TPOOL>
    <item>
     <ID>I</ID>
     <KEY>001</KEY>
     <ENTRY>Girilen</ENTRY>
     <LENGTH>17</LENGTH>
    </item>
    <item>
     <ID>I</ID>
     <KEY>002</KEY>
     <ENTRY>ile bugün arasinda</ENTRY>
     <LENGTH>28</LENGTH>
    </item>
    <item>
     <ID>I</ID>
     <KEY>003</KEY>
     <ENTRY>gün bulunmaktadir.</ENTRY>
     <LENGTH>28</LENGTH>
    </item>
   </TPOOL>
   <DESCRIPTIONS_SUB>
    <SEOSUBCOTX>
     <CMPNAME>GET_DAY_NAME</CMPNAME>
     <SCONAME>EV_DAY_NAME</SCONAME>
     <LANGU>E</LANGU>
     <DESCRIPT>Day</DESCRIPT>
    </SEOSUBCOTX>
    <SEOSUBCOTX>
     <CMPNAME>GET_DAY_NAME</CMPNAME>
     <SCONAME>IV_DATE</SCONAME>
     <LANGU>E</LANGU>
     <DESCRIPT>Date</DESCRIPT>
    </SEOSUBCOTX>
    <SEOSUBCOTX>
     <CMPNAME>GET_NO_DAYS</CMPNAME>
     <SCONAME>EV_NO_DAYS</SCONAME>
     <LANGU>E</LANGU>
     <DESCRIPT>4 Byte Signed Integer</DESCRIPT>
    </SEOSUBCOTX>
    <SEOSUBCOTX>
     <CMPNAME>GET_NO_DAYS</CMPNAME>
     <SCONAME>IV_DATE</SCONAME>
     <LANGU>E</LANGU>
     <DESCRIPT>Date</DESCRIPT>
    </SEOSUBCOTX>
    <SEOSUBCOTX>
     <CMPNAME>INFO</CMPNAME>
     <SCONAME>IV_DATE</SCONAME>
     <LANGU>E</LANGU>
     <DESCRIPT>Date</DESCRIPT>
    </SEOSUBCOTX>
   </DESCRIPTIONS_SUB>
  </asx:values>
 </asx:abap>
</abapGit>
