﻿<?xml version="1.0" encoding="utf-8"?>
<abapGit version="v1.0.0" serializer="LCL_OBJECT_CLAS" serializer_version="v1.0.0">
 <asx:abap xmlns:asx="http://www.sap.com/abapxml" version="1.0">
  <asx:values>
   <VSEOCLASS>
    <CLSNAME>ZALISTIRMA_CLS_MG_02</CLSNAME>
    <LANGU>E</LANGU>
    <DESCRIPT>Alistirma 2 s-233</DESCRIPT>
    <STATE>1</STATE>
    <CLSCCINCL>X</CLSCCINCL>
    <FIXPT>X</FIXPT>
    <UNICODE>X</UNICODE>
   </VSEOCLASS>
   <DESCRIPTIONS_SUB>
    <SEOSUBCOTX>
     <CMPNAME>UZERI_2</CMPNAME>
     <SCONAME>EV_RESULT</SCONAME>
     <LANGU>E</LANGU>
     <DESCRIPT>4 Byte Signed Integer</DESCRIPT>
    </SEOSUBCOTX>
    <SEOSUBCOTX>
     <CMPNAME>UZERI_2</CMPNAME>
     <SCONAME>IV_NUMBER</SCONAME>
     <LANGU>E</LANGU>
     <DESCRIPT>4 Byte Signed Integer</DESCRIPT>
    </SEOSUBCOTX>
    <SEOSUBCOTX>
     <CMPNAME>UZERI_3</CMPNAME>
     <SCONAME>EV_RESULT</SCONAME>
     <LANGU>E</LANGU>
     <DESCRIPT>4 Byte Signed Integer</DESCRIPT>
    </SEOSUBCOTX>
    <SEOSUBCOTX>
     <CMPNAME>UZERI_3</CMPNAME>
     <SCONAME>IV_NUMBER</SCONAME>
     <LANGU>E</LANGU>
     <DESCRIPT>4 Byte Signed Integer</DESCRIPT>
    </SEOSUBCOTX>
    <SEOSUBCOTX>
     <CMPNAME>UZERI_4</CMPNAME>
     <SCONAME>EV_RESULT</SCONAME>
     <LANGU>E</LANGU>
     <DESCRIPT>4 Byte Signed Integer</DESCRIPT>
    </SEOSUBCOTX>
    <SEOSUBCOTX>
     <CMPNAME>UZERI_4</CMPNAME>
     <SCONAME>IV_NUMBER</SCONAME>
     <LANGU>E</LANGU>
     <DESCRIPT>4 Byte Signed Integer</DESCRIPT>
    </SEOSUBCOTX>
   </DESCRIPTIONS_SUB>
  </asx:values>
 </asx:abap>
</abapGit>
