﻿<?xml version="1.0" encoding="utf-8"?>
<abapGit version="v1.0.0" serializer="LCL_OBJECT_CLAS" serializer_version="v1.0.0">
 <asx:abap xmlns:asx="http://www.sap.com/abapxml" version="1.0">
  <asx:values>
   <VSEOCLASS>
    <CLSNAME>ZALISTIRMA_CLS_MG_05</CLSNAME>
    <LANGU>E</LANGU>
    <DESCRIPT>Alistirma 4 s-223</DESCRIPT>
    <STATE>1</STATE>
    <CLSCCINCL>X</CLSCCINCL>
    <FIXPT>X</FIXPT>
    <UNICODE>X</UNICODE>
   </VSEOCLASS>
   <DESCRIPTIONS>
    <SEOCOMPOTX>
     <CMPNAME>GT_CARR_ID_SELOPT</CMPNAME>
     <LANGU>E</LANGU>
     <DESCRIPT>TT for CARRID</DESCRIPT>
    </SEOCOMPOTX>
    <SEOCOMPOTX>
     <CMPNAME>GT_SCARR</CMPNAME>
     <LANGU>E</LANGU>
     <DESCRIPT>TT for db table SCARR</DESCRIPT>
    </SEOCOMPOTX>
    <SEOCOMPOTX>
     <CMPNAME>GT_SFLIGHT</CMPNAME>
     <LANGU>E</LANGU>
     <DESCRIPT>TT for db table SFLIGHT</DESCRIPT>
    </SEOCOMPOTX>
    <SEOCOMPOTX>
     <CMPNAME>GT_SPFLI</CMPNAME>
     <LANGU>E</LANGU>
     <DESCRIPT>TT for db table SPFLI</DESCRIPT>
    </SEOCOMPOTX>
   </DESCRIPTIONS>
   <DESCRIPTIONS_SUB>
    <SEOSUBCOTX>
     <CMPNAME>GET_TABLES</CMPNAME>
     <SCONAME>IV_SELECT_SCARR</SCONAME>
     <LANGU>E</LANGU>
     <DESCRIPT>Single-Character Flag</DESCRIPT>
    </SEOSUBCOTX>
    <SEOSUBCOTX>
     <CMPNAME>GET_TABLES</CMPNAME>
     <SCONAME>IV_SELECT_SFLIGHT</SCONAME>
     <LANGU>E</LANGU>
     <DESCRIPT>Single-Character Flag</DESCRIPT>
    </SEOSUBCOTX>
    <SEOSUBCOTX>
     <CMPNAME>GET_TABLES</CMPNAME>
     <SCONAME>IV_SELECT_SPFLI</SCONAME>
     <LANGU>E</LANGU>
     <DESCRIPT>Single-Character Flag</DESCRIPT>
    </SEOSUBCOTX>
   </DESCRIPTIONS_SUB>
  </asx:values>
 </asx:abap>
</abapGit>
