﻿<?xml version="1.0" encoding="utf-8"?>
<abapGit version="v1.0.0" serializer="LCL_OBJECT_CLAS" serializer_version="v1.0.0">
 <asx:abap xmlns:asx="http://www.sap.com/abapxml" version="1.0">
  <asx:values>
   <VSEOCLASS>
    <CLSNAME>ZFLIGHT_DATA_MOD_STATIC_MG1</CLSNAME>
    <LANGU>E</LANGU>
    <DESCRIPT>Class Constructur</DESCRIPT>
    <STATE>1</STATE>
    <CLSCCINCL>X</CLSCCINCL>
    <FIXPT>X</FIXPT>
    <UNICODE>X</UNICODE>
   </VSEOCLASS>
   <DESCRIPTIONS>
    <SEOCOMPOTX>
     <CMPNAME>GT_SCARR</CMPNAME>
     <LANGU>E</LANGU>
     <DESCRIPT>TT for db table SCARR</DESCRIPT>
    </SEOCOMPOTX>
    <SEOCOMPOTX>
     <CMPNAME>GT_SFLIGHT</CMPNAME>
     <LANGU>E</LANGU>
     <DESCRIPT>TT for db table SFLIGHT</DESCRIPT>
    </SEOCOMPOTX>
    <SEOCOMPOTX>
     <CMPNAME>GT_SPFLI</CMPNAME>
     <LANGU>E</LANGU>
     <DESCRIPT>TT for db table SPFLI</DESCRIPT>
    </SEOCOMPOTX>
   </DESCRIPTIONS>
  </asx:values>
 </asx:abap>
</abapGit>
