﻿<?xml version="1.0" encoding="utf-8"?>
<abapGit version="v1.0.0" serializer="LCL_OBJECT_DTEL" serializer_version="v1.0.0">
 <asx:abap xmlns:asx="http://www.sap.com/abapxml" version="1.0">
  <asx:values>
   <DD04V>
    <ROLLNAME>ZMG_PPRICE</ROLLNAME>
    <DDLANGUAGE>E</DDLANGUAGE>
    <HEADLEN>24</HEADLEN>
    <SCRLEN1>10</SCRLEN1>
    <SCRLEN2>20</SCRLEN2>
    <SCRLEN3>40</SCRLEN3>
    <DDTEXT>DE  for Phone Price</DDTEXT>
    <REPTEXT>Price of Phone</REPTEXT>
    <SCRTEXT_S>Price</SCRTEXT_S>
    <SCRTEXT_M>Price of Phone</SCRTEXT_M>
    <SCRTEXT_L>Price of Phone</SCRTEXT_L>
    <DTELMASTER>E</DTELMASTER>
    <DATATYPE>D16D</DATATYPE>
    <LENG>000007</LENG>
    <DECIMALS>000002</DECIMALS>
    <OUTPUTLEN>000024</OUTPUTLEN>
   </DD04V>
  </asx:values>
 </asx:abap>
</abapGit>
