﻿<?xml version="1.0" encoding="utf-8"?>
<abapGit version="v1.0.0" serializer="LCL_OBJECT_DTEL" serializer_version="v1.0.0">
 <asx:abap xmlns:asx="http://www.sap.com/abapxml" version="1.0">
  <asx:values>
   <DD04V>
    <ROLLNAME>ZMG_PERSCINS_DE</ROLLNAME>
    <DDLANGUAGE>E</DDLANGUAGE>
    <DOMNAME>ZMG_PERSCINS_DO</DOMNAME>
    <HEADLEN>18</HEADLEN>
    <SCRLEN1>08</SCRLEN1>
    <SCRLEN2>18</SCRLEN2>
    <SCRLEN3>18</SCRLEN3>
    <DDTEXT>Personel Cinsiyeti</DDTEXT>
    <REPTEXT>Personel Cinsiyeti</REPTEXT>
    <SCRTEXT_S>Perscins</SCRTEXT_S>
    <SCRTEXT_M>Personel Cinsiyeti</SCRTEXT_M>
    <SCRTEXT_L>Personel Cinsiyeti</SCRTEXT_L>
    <DTELMASTER>E</DTELMASTER>
    <REFKIND>D</REFKIND>
   </DD04V>
  </asx:values>
 </asx:abap>
</abapGit>
