﻿<?xml version="1.0" encoding="utf-8"?>
<abapGit version="v1.0.0" serializer="LCL_OBJECT_DTEL" serializer_version="v1.0.0">
 <asx:abap xmlns:asx="http://www.sap.com/abapxml" version="1.0">
  <asx:values>
   <DD04V>
    <ROLLNAME>ZMG_DE_PCOLOR</ROLLNAME>
    <DDLANGUAGE>E</DDLANGUAGE>
    <HEADLEN>55</HEADLEN>
    <SCRLEN1>10</SCRLEN1>
    <SCRLEN2>20</SCRLEN2>
    <SCRLEN3>40</SCRLEN3>
    <DDTEXT>DE for Phone Color</DDTEXT>
    <REPTEXT>Color of Pnone</REPTEXT>
    <SCRTEXT_S>Color</SCRTEXT_S>
    <SCRTEXT_M>Color of Pnone</SCRTEXT_M>
    <SCRTEXT_L>Color of Pnone</SCRTEXT_L>
    <DTELMASTER>E</DTELMASTER>
    <DATATYPE>CHAR</DATATYPE>
    <LENG>000012</LENG>
    <OUTPUTLEN>000012</OUTPUTLEN>
   </DD04V>
  </asx:values>
 </asx:abap>
</abapGit>
