﻿<?xml version="1.0" encoding="utf-8"?>
<abapGit version="v1.0.0" serializer="LCL_OBJECT_FUGR" serializer_version="v1.0.0">
 <asx:abap xmlns:asx="http://www.sap.com/abapxml" version="1.0">
  <asx:values>
   <AREAT>CHDO ZMG_CDO_01 =&gt; Gen. by RSSCD000</AREAT>
   <INCLUDES>
    <SOBJ_NAME>LZMG_CDO_01TOP</SOBJ_NAME>
    <SOBJ_NAME>SAPLZMG_CDO_01</SOBJ_NAME>
   </INCLUDES>
   <FUNCTIONS>
    <item>
     <FUNCNAME>ZMG_CDO_01_WRITE_DOCUMENT</FUNCNAME>
     <UPDATE_TASK>2</UPDATE_TASK>
     <SHORT_TEXT>CHDO ZMG_CDO_01 =&gt; Gen. by RSSCD000</SHORT_TEXT>
     <IMPORT>
      <RSIMP>
       <PARAMETER>OBJECTID</PARAMETER>
       <TYP>CDHDR-OBJECTID</TYP>
      </RSIMP>
      <RSIMP>
       <PARAMETER>TCODE</PARAMETER>
       <TYP>CDHDR-TCODE</TYP>
      </RSIMP>
      <RSIMP>
       <PARAMETER>UTIME</PARAMETER>
       <TYP>CDHDR-UTIME</TYP>
      </RSIMP>
      <RSIMP>
       <PARAMETER>UDATE</PARAMETER>
       <TYP>CDHDR-UDATE</TYP>
      </RSIMP>
      <RSIMP>
       <PARAMETER>USERNAME</PARAMETER>
       <TYP>CDHDR-USERNAME</TYP>
      </RSIMP>
      <RSIMP>
       <PARAMETER>PLANNED_CHANGE_NUMBER</PARAMETER>
       <DEFAULT>SPACE</DEFAULT>
       <OPTIONAL>X</OPTIONAL>
       <TYP>CDHDR-PLANCHNGNR</TYP>
      </RSIMP>
      <RSIMP>
       <PARAMETER>OBJECT_CHANGE_INDICATOR</PARAMETER>
       <DEFAULT>&apos;U&apos;</DEFAULT>
       <OPTIONAL>X</OPTIONAL>
       <TYP>CDHDR-CHANGE_IND</TYP>
      </RSIMP>
      <RSIMP>
       <PARAMETER>PLANNED_OR_REAL_CHANGES</PARAMETER>
       <DEFAULT>SPACE</DEFAULT>
       <OPTIONAL>X</OPTIONAL>
       <TYP>CDHDR-CHANGE_IND</TYP>
      </RSIMP>
      <RSIMP>
       <PARAMETER>NO_CHANGE_POINTERS</PARAMETER>
       <DEFAULT>SPACE</DEFAULT>
       <OPTIONAL>X</OPTIONAL>
       <TYP>CDHDR-CHANGE_IND</TYP>
      </RSIMP>
      <RSIMP>
       <PARAMETER>UPD_ICDTXT_ZMG_CDO_01</PARAMETER>
       <DEFAULT>SPACE</DEFAULT>
       <OPTIONAL>X</OPTIONAL>
       <TYP>CDPOS-CHNGIND</TYP>
      </RSIMP>
      <RSIMP>
       <PARAMETER>UPD_ZCM_DERS_NOTLARI</PARAMETER>
       <DEFAULT>SPACE</DEFAULT>
       <OPTIONAL>X</OPTIONAL>
       <TYP>CDPOS-CHNGIND</TYP>
      </RSIMP>
     </IMPORT>
     <TABLES>
      <RSTBL>
       <PARAMETER>ICDTXT_ZMG_CDO_01</PARAMETER>
       <DBSTRUCT>CDTXT</DBSTRUCT>
       <OPTIONAL>X</OPTIONAL>
      </RSTBL>
      <RSTBL>
       <PARAMETER>XZCM_DERS_NOTLARI</PARAMETER>
       <DBSTRUCT>ZZCM_DERS_NOTLARI</DBSTRUCT>
       <OPTIONAL>X</OPTIONAL>
      </RSTBL>
      <RSTBL>
       <PARAMETER>YZCM_DERS_NOTLARI</PARAMETER>
       <DBSTRUCT>ZZCM_DERS_NOTLARI</DBSTRUCT>
       <OPTIONAL>X</OPTIONAL>
      </RSTBL>
     </TABLES>
     <DOCUMENTATION>
      <RSFDO>
       <PARAMETER>OBJECTID</PARAMETER>
       <KIND>P</KIND>
      </RSFDO>
      <RSFDO>
       <PARAMETER>TCODE</PARAMETER>
       <KIND>P</KIND>
      </RSFDO>
      <RSFDO>
       <PARAMETER>UTIME</PARAMETER>
       <KIND>P</KIND>
      </RSFDO>
      <RSFDO>
       <PARAMETER>UDATE</PARAMETER>
       <KIND>P</KIND>
      </RSFDO>
      <RSFDO>
       <PARAMETER>USERNAME</PARAMETER>
       <KIND>P</KIND>
      </RSFDO>
      <RSFDO>
       <PARAMETER>PLANNED_CHANGE_NUMBER</PARAMETER>
       <KIND>P</KIND>
      </RSFDO>
      <RSFDO>
       <PARAMETER>OBJECT_CHANGE_INDICATOR</PARAMETER>
       <KIND>P</KIND>
      </RSFDO>
      <RSFDO>
       <PARAMETER>PLANNED_OR_REAL_CHANGES</PARAMETER>
       <KIND>P</KIND>
      </RSFDO>
      <RSFDO>
       <PARAMETER>NO_CHANGE_POINTERS</PARAMETER>
       <KIND>P</KIND>
      </RSFDO>
      <RSFDO>
       <PARAMETER>UPD_ICDTXT_ZMG_CDO_01</PARAMETER>
       <KIND>P</KIND>
      </RSFDO>
      <RSFDO>
       <PARAMETER>UPD_ZCM_DERS_NOTLARI</PARAMETER>
       <KIND>P</KIND>
      </RSFDO>
      <RSFDO>
       <PARAMETER>ICDTXT_ZMG_CDO_01</PARAMETER>
       <KIND>P</KIND>
      </RSFDO>
      <RSFDO>
       <PARAMETER>XZCM_DERS_NOTLARI</PARAMETER>
       <KIND>P</KIND>
      </RSFDO>
      <RSFDO>
       <PARAMETER>YZCM_DERS_NOTLARI</PARAMETER>
       <KIND>P</KIND>
      </RSFDO>
     </DOCUMENTATION>
    </item>
   </FUNCTIONS>
  </asx:values>
 </asx:abap>
</abapGit>
