﻿<?xml version="1.0" encoding="utf-8"?>
<abapGit version="v1.0.0" serializer="LCL_OBJECT_DTEL" serializer_version="v1.0.0">
 <asx:abap xmlns:asx="http://www.sap.com/abapxml" version="1.0">
  <asx:values>
   <DD04V>
    <ROLLNAME>ZMG_PMAAS_DE</ROLLNAME>
    <DDLANGUAGE>E</DDLANGUAGE>
    <DOMNAME>/BCV/FND_INT2</DOMNAME>
    <HEADLEN>14</HEADLEN>
    <SCRLEN1>05</SCRLEN1>
    <SCRLEN2>14</SCRLEN2>
    <SCRLEN3>14</SCRLEN3>
    <DDTEXT>Personel Maasi</DDTEXT>
    <REPTEXT>Personel Maasi</REPTEXT>
    <SCRTEXT_S>Maasi</SCRTEXT_S>
    <SCRTEXT_M>Personel Maasi</SCRTEXT_M>
    <SCRTEXT_L>Personel Maasi</SCRTEXT_L>
    <DTELMASTER>E</DTELMASTER>
    <REFKIND>D</REFKIND>
   </DD04V>
  </asx:values>
 </asx:abap>
</abapGit>
