﻿<?xml version="1.0" encoding="utf-8"?>
<abapGit version="v1.0.0" serializer="LCL_OBJECT_DTEL" serializer_version="v1.0.0">
 <asx:abap xmlns:asx="http://www.sap.com/abapxml" version="1.0">
  <asx:values>
   <DD04V>
    <ROLLNAME>ZMG_CURR_DE</ROLLNAME>
    <DDLANGUAGE>E</DDLANGUAGE>
    <DOMNAME>/ACCGO/D_CDS_RECON_RECORDTYPE</DOMNAME>
    <HEADLEN>09</HEADLEN>
    <SCRLEN1>09</SCRLEN1>
    <SCRLEN2>09</SCRLEN2>
    <SCRLEN3>09</SCRLEN3>
    <DDTEXT>Maas Kuru</DDTEXT>
    <REPTEXT>Maas Kuru</REPTEXT>
    <SCRTEXT_S>Maas Kuru</SCRTEXT_S>
    <SCRTEXT_M>Maas Kuru</SCRTEXT_M>
    <SCRTEXT_L>Maas Kuru</SCRTEXT_L>
    <DTELMASTER>E</DTELMASTER>
    <REFKIND>D</REFKIND>
   </DD04V>
  </asx:values>
 </asx:abap>
</abapGit>
