﻿<?xml version="1.0" encoding="utf-8"?>
<abapGit version="v1.0.0" serializer="LCL_OBJECT_DTEL" serializer_version="v1.0.0">
 <asx:abap xmlns:asx="http://www.sap.com/abapxml" version="1.0">
  <asx:values>
   <DD04V>
    <ROLLNAME>ZMG_PERSSYAD_DE</ROLLNAME>
    <DDLANGUAGE>E</DDLANGUAGE>
    <DOMNAME>/ACCGO/D_CDOTE_ORDER</DOMNAME>
    <HEADLEN>15</HEADLEN>
    <SCRLEN1>06</SCRLEN1>
    <SCRLEN2>15</SCRLEN2>
    <SCRLEN3>15</SCRLEN3>
    <DDTEXT>Personel Soyadi</DDTEXT>
    <REPTEXT>Personel Sayadi</REPTEXT>
    <SCRTEXT_S>Soyadi</SCRTEXT_S>
    <SCRTEXT_M>Personel Sayadi</SCRTEXT_M>
    <SCRTEXT_L>Personel Sayadi</SCRTEXT_L>
    <DTELMASTER>E</DTELMASTER>
    <REFKIND>D</REFKIND>
   </DD04V>
  </asx:values>
 </asx:abap>
</abapGit>
