﻿<?xml version="1.0" encoding="utf-8"?>
<abapGit version="v1.0.0" serializer="LCL_OBJECT_DTEL" serializer_version="v1.0.0">
 <asx:abap xmlns:asx="http://www.sap.com/abapxml" version="1.0">
  <asx:values>
   <DD04V>
    <ROLLNAME>ZMG_DE_FTR_NO</ROLLNAME>
    <DDLANGUAGE>E</DDLANGUAGE>
    <HEADLEN>55</HEADLEN>
    <SCRLEN1>10</SCRLEN1>
    <SCRLEN2>20</SCRLEN2>
    <SCRLEN3>40</SCRLEN3>
    <DDTEXT>Fatura no</DDTEXT>
    <REPTEXT>Fatura no</REPTEXT>
    <SCRTEXT_S>Fatura no</SCRTEXT_S>
    <SCRTEXT_M>Fatura no</SCRTEXT_M>
    <SCRTEXT_L>Fatura no</SCRTEXT_L>
    <DTELMASTER>E</DTELMASTER>
    <DATATYPE>NUMC</DATATYPE>
    <LENG>000006</LENG>
    <OUTPUTLEN>000006</OUTPUTLEN>
   </DD04V>
  </asx:values>
 </asx:abap>
</abapGit>
