﻿<?xml version="1.0" encoding="utf-8"?>
<abapGit version="v1.0.0" serializer="LCL_OBJECT_DTEL" serializer_version="v1.0.0">
 <asx:abap xmlns:asx="http://www.sap.com/abapxml" version="1.0">
  <asx:values>
   <DD04V>
    <ROLLNAME>ZMG_PERSAD_DE</ROLLNAME>
    <DDLANGUAGE>E</DDLANGUAGE>
    <DOMNAME>ZMG_PERSAD_DO</DOMNAME>
    <HEADLEN>11</HEADLEN>
    <SCRLEN1>06</SCRLEN1>
    <SCRLEN2>11</SCRLEN2>
    <SCRLEN3>11</SCRLEN3>
    <DDTEXT>Peronel Ad</DDTEXT>
    <REPTEXT>Personel Ad</REPTEXT>
    <SCRTEXT_S>Persad</SCRTEXT_S>
    <SCRTEXT_M>Personel Ad</SCRTEXT_M>
    <SCRTEXT_L>Personel Ad</SCRTEXT_L>
    <DTELMASTER>E</DTELMASTER>
    <REFKIND>D</REFKIND>
   </DD04V>
  </asx:values>
 </asx:abap>
</abapGit>
