﻿<?xml version="1.0" encoding="utf-8"?>
<abapGit version="v1.0.0" serializer="LCL_OBJECT_DTEL" serializer_version="v1.0.0">
 <asx:abap xmlns:asx="http://www.sap.com/abapxml" version="1.0">
  <asx:values>
   <DD04V>
    <ROLLNAME>ZMG_PDEPART_DE</ROLLNAME>
    <DDLANGUAGE>E</DDLANGUAGE>
    <HEADLEN>19</HEADLEN>
    <SCRLEN1>10</SCRLEN1>
    <SCRLEN2>19</SCRLEN2>
    <SCRLEN3>19</SCRLEN3>
    <DDTEXT>Personel Departmani</DDTEXT>
    <REPTEXT>Personel Departmani</REPTEXT>
    <SCRTEXT_S>Departmani</SCRTEXT_S>
    <SCRTEXT_M>Personel Departmani</SCRTEXT_M>
    <SCRTEXT_L>Personel Departmani</SCRTEXT_L>
    <DTELMASTER>E</DTELMASTER>
    <DATATYPE>CHAR</DATATYPE>
    <LENG>000015</LENG>
    <OUTPUTLEN>000015</OUTPUTLEN>
   </DD04V>
  </asx:values>
 </asx:abap>
</abapGit>
