﻿<?xml version="1.0" encoding="utf-8"?>
<abapGit version="v1.0.0" serializer="LCL_OBJECT_DTEL" serializer_version="v1.0.0">
 <asx:abap xmlns:asx="http://www.sap.com/abapxml" version="1.0">
  <asx:values>
   <DD04V>
    <ROLLNAME>ZMG_E_OGR_SOYAD</ROLLNAME>
    <DDLANGUAGE>E</DDLANGUAGE>
    <HEADLEN>25</HEADLEN>
    <SCRLEN1>10</SCRLEN1>
    <SCRLEN2>20</SCRLEN2>
    <SCRLEN3>40</SCRLEN3>
    <DDTEXT>DE Ogr soyad</DDTEXT>
    <REPTEXT>soyad</REPTEXT>
    <SCRTEXT_S>soyad</SCRTEXT_S>
    <SCRTEXT_M>soyad</SCRTEXT_M>
    <SCRTEXT_L>soyad</SCRTEXT_L>
    <DTELMASTER>E</DTELMASTER>
    <DATATYPE>CHAR</DATATYPE>
    <LENG>000025</LENG>
    <OUTPUTLEN>000025</OUTPUTLEN>
   </DD04V>
  </asx:values>
 </asx:abap>
</abapGit>
