﻿<?xml version="1.0" encoding="utf-8"?>
<abapGit version="v1.0.0" serializer="LCL_OBJECT_DTEL" serializer_version="v1.0.0">
 <asx:abap xmlns:asx="http://www.sap.com/abapxml" version="1.0">
  <asx:values>
   <DD04V>
    <ROLLNAME>ZMG_PMESLEK_DE</ROLLNAME>
    <DDLANGUAGE>E</DDLANGUAGE>
    <DOMNAME>ZMG_PMESLEK_DO</DOMNAME>
    <HEADLEN>16</HEADLEN>
    <SCRLEN1>07</SCRLEN1>
    <SCRLEN2>16</SCRLEN2>
    <SCRLEN3>16</SCRLEN3>
    <DDTEXT>Personel Meslegi</DDTEXT>
    <REPTEXT>Personel Meslegi</REPTEXT>
    <SCRTEXT_S>Meslegi</SCRTEXT_S>
    <SCRTEXT_M>Personel Meslegi</SCRTEXT_M>
    <SCRTEXT_L>Personel Meslegi</SCRTEXT_L>
    <DTELMASTER>E</DTELMASTER>
    <REFKIND>D</REFKIND>
   </DD04V>
  </asx:values>
 </asx:abap>
</abapGit>
