﻿<?xml version="1.0" encoding="utf-8"?>
<abapGit version="v1.0.0" serializer="LCL_OBJECT_CLAS" serializer_version="v1.0.0">
 <asx:abap xmlns:asx="http://www.sap.com/abapxml" version="1.0">
  <asx:values>
   <VSEOCLASS>
    <CLSNAME>ZMGMITARBEITER_INFO</CLSNAME>
    <LANGU>E</LANGU>
    <DESCRIPT>MITARBEITER_INFO</DESCRIPT>
    <STATE>1</STATE>
    <CLSCCINCL>X</CLSCCINCL>
    <FIXPT>X</FIXPT>
    <UNICODE>X</UNICODE>
   </VSEOCLASS>
   <DESCRIPTIONS_SUB>
    <SEOSUBCOTX>
     <CMPNAME>MITARBEITER_INFO_HOLEN</CMPNAME>
     <SCONAME>ES_MITARBEITER_INFO</SCONAME>
     <LANGU>E</LANGU>
     <DESCRIPT>Table für Mitarbeiter</DESCRIPT>
    </SEOSUBCOTX>
    <SEOSUBCOTX>
     <CMPNAME>MITARBEITER_INFO_HOLEN</CMPNAME>
     <SCONAME>IV_ID</SCONAME>
     <LANGU>E</LANGU>
     <DESCRIPT>Data Element for column ID</DESCRIPT>
    </SEOSUBCOTX>
    <SEOSUBCOTX>
     <CMPNAME>URLAUB_INFO_HOLEN</CMPNAME>
     <SCONAME>ET_URLAUB_INFO</SCONAME>
     <LANGU>E</LANGU>
     <DESCRIPT>TT für URLAUB</DESCRIPT>
    </SEOSUBCOTX>
    <SEOSUBCOTX>
     <CMPNAME>URLAUB_INFO_HOLEN</CMPNAME>
     <SCONAME>IV_ID</SCONAME>
     <LANGU>E</LANGU>
     <DESCRIPT>Data Element for column ID</DESCRIPT>
    </SEOSUBCOTX>
   </DESCRIPTIONS_SUB>
  </asx:values>
 </asx:abap>
</abapGit>
