﻿<?xml version="1.0" encoding="utf-8"?>
<abapGit version="v1.0.0" serializer="LCL_OBJECT_CLAS" serializer_version="v1.0.0">
 <asx:abap xmlns:asx="http://www.sap.com/abapxml" version="1.0">
  <asx:values>
   <VSEOCLASS>
    <CLSNAME>ZMGTEST_STRAVELAG_URL_UPDATE</CLSNAME>
    <LANGU>E</LANGU>
    <DESCRIPT>STRAVELAG_URL_UPDATE</DESCRIPT>
    <STATE>1</STATE>
    <CLSCCINCL>X</CLSCCINCL>
    <FIXPT>X</FIXPT>
    <UNICODE>X</UNICODE>
   </VSEOCLASS>
   <DESCRIPTIONS_SUB>
    <SEOSUBCOTX>
     <CMPNAME>ID_KONTROL</CMPNAME>
     <SCONAME>IV_ID</SCONAME>
     <LANGU>E</LANGU>
     <DESCRIPT>Yeni ID</DESCRIPT>
    </SEOSUBCOTX>
    <SEOSUBCOTX>
     <CMPNAME>ID_KONTROL</CMPNAME>
     <SCONAME>RV_OK</SCONAME>
     <LANGU>E</LANGU>
     <DESCRIPT>Single-Character Flag</DESCRIPT>
    </SEOSUBCOTX>
    <SEOSUBCOTX>
     <CMPNAME>UPDATE_URL</CMPNAME>
     <SCONAME>IV_ID</SCONAME>
     <LANGU>E</LANGU>
     <DESCRIPT>Yeni ID</DESCRIPT>
    </SEOSUBCOTX>
    <SEOSUBCOTX>
     <CMPNAME>UPDATE_URL</CMPNAME>
     <SCONAME>RV_SONUC</SCONAME>
     <LANGU>E</LANGU>
     <DESCRIPT>Single-Character Flag</DESCRIPT>
    </SEOSUBCOTX>
   </DESCRIPTIONS_SUB>
  </asx:values>
 </asx:abap>
</abapGit>
