﻿<?xml version="1.0" encoding="utf-8"?>
<abapGit version="v1.0.0" serializer="LCL_OBJECT_CLAS" serializer_version="v1.0.0">
 <asx:abap xmlns:asx="http://www.sap.com/abapxml" version="1.0">
  <asx:values>
   <VSEOCLASS>
    <CLSNAME>ZMGTEST_HM</CLSNAME>
    <LANGU>E</LANGU>
    <DESCRIPT>Hesap Makinesi</DESCRIPT>
    <STATE>1</STATE>
    <CLSCCINCL>X</CLSCCINCL>
    <FIXPT>X</FIXPT>
    <UNICODE>X</UNICODE>
   </VSEOCLASS>
   <DESCRIPTIONS_SUB>
    <SEOSUBCOTX>
     <CMPNAME>BOLME</CMPNAME>
     <SCONAME>EV_RESULT_BOLME</SCONAME>
     <LANGU>E</LANGU>
     <DESCRIPT>4 Byte Signed Integer</DESCRIPT>
    </SEOSUBCOTX>
    <SEOSUBCOTX>
     <CMPNAME>BOLME</CMPNAME>
     <SCONAME>IV_NUMBER_BOLME_1</SCONAME>
     <LANGU>E</LANGU>
     <DESCRIPT>4 Byte Signed Integer</DESCRIPT>
    </SEOSUBCOTX>
    <SEOSUBCOTX>
     <CMPNAME>BOLME</CMPNAME>
     <SCONAME>IV_NUMBER_BOLME_2</SCONAME>
     <LANGU>E</LANGU>
     <DESCRIPT>4 Byte Signed Integer</DESCRIPT>
    </SEOSUBCOTX>
    <SEOSUBCOTX>
     <CMPNAME>CARPMA</CMPNAME>
     <SCONAME>EV_RESULT_CARPMA</SCONAME>
     <LANGU>E</LANGU>
     <DESCRIPT>4 Byte Signed Integer</DESCRIPT>
    </SEOSUBCOTX>
    <SEOSUBCOTX>
     <CMPNAME>CARPMA</CMPNAME>
     <SCONAME>IV_NUMBER_CARPMA_1</SCONAME>
     <LANGU>E</LANGU>
     <DESCRIPT>4 Byte Signed Integer</DESCRIPT>
    </SEOSUBCOTX>
    <SEOSUBCOTX>
     <CMPNAME>CARPMA</CMPNAME>
     <SCONAME>IV_NUMBER_CARPMA_2</SCONAME>
     <LANGU>E</LANGU>
     <DESCRIPT>4 Byte Signed Integer</DESCRIPT>
    </SEOSUBCOTX>
    <SEOSUBCOTX>
     <CMPNAME>CIKARMA</CMPNAME>
     <SCONAME>EV_RESULT_CIKARMA</SCONAME>
     <LANGU>E</LANGU>
     <DESCRIPT>4 Byte Signed Integer</DESCRIPT>
    </SEOSUBCOTX>
    <SEOSUBCOTX>
     <CMPNAME>CIKARMA</CMPNAME>
     <SCONAME>IV_NUMBER_CIKARMA_1</SCONAME>
     <LANGU>E</LANGU>
     <DESCRIPT>4 Byte Signed Integer</DESCRIPT>
    </SEOSUBCOTX>
    <SEOSUBCOTX>
     <CMPNAME>CIKARMA</CMPNAME>
     <SCONAME>IV_NUMBER_CIKARMA_2</SCONAME>
     <LANGU>E</LANGU>
     <DESCRIPT>4 Byte Signed Integer</DESCRIPT>
    </SEOSUBCOTX>
    <SEOSUBCOTX>
     <CMPNAME>ISLEM_KONTROL</CMPNAME>
     <SCONAME>EV_OK</SCONAME>
     <LANGU>E</LANGU>
     <DESCRIPT>Single-Character Flag</DESCRIPT>
    </SEOSUBCOTX>
    <SEOSUBCOTX>
     <CMPNAME>ISLEM_KONTROL</CMPNAME>
     <SCONAME>IV_NUMBER_2</SCONAME>
     <LANGU>E</LANGU>
     <DESCRIPT>4 Byte Signed Integer</DESCRIPT>
    </SEOSUBCOTX>
    <SEOSUBCOTX>
     <CMPNAME>ISLEM_KONTROL</CMPNAME>
     <SCONAME>IV_SEMBOL</SCONAME>
     <LANGU>E</LANGU>
     <DESCRIPT>Single-Character Flag</DESCRIPT>
    </SEOSUBCOTX>
    <SEOSUBCOTX>
     <CMPNAME>TOPLAMA</CMPNAME>
     <SCONAME>EV_RESULT_TOPLAMA</SCONAME>
     <LANGU>E</LANGU>
     <DESCRIPT>4 Byte Signed Integer</DESCRIPT>
    </SEOSUBCOTX>
    <SEOSUBCOTX>
     <CMPNAME>TOPLAMA</CMPNAME>
     <SCONAME>IV_NUMBER_TOPLAMA_1</SCONAME>
     <LANGU>E</LANGU>
     <DESCRIPT>4 Byte Signed Integer</DESCRIPT>
    </SEOSUBCOTX>
    <SEOSUBCOTX>
     <CMPNAME>TOPLAMA</CMPNAME>
     <SCONAME>IV_NUMBER_TOPLAMA_2</SCONAME>
     <LANGU>E</LANGU>
     <DESCRIPT>4 Byte Signed Integer</DESCRIPT>
    </SEOSUBCOTX>
   </DESCRIPTIONS_SUB>
  </asx:values>
 </asx:abap>
</abapGit>
