﻿<?xml version="1.0" encoding="utf-8"?>
<abapGit version="v1.0.0" serializer="LCL_OBJECT_CLAS" serializer_version="v1.0.0">
 <asx:abap xmlns:asx="http://www.sap.com/abapxml" version="1.0">
  <asx:values>
   <VSEOCLASS>
    <CLSNAME>ZSTRAVELAG_NEW_ENTRY_ALV_MG</CLSNAME>
    <LANGU>E</LANGU>
    <DESCRIPT>ALV Yapisi Class ile</DESCRIPT>
    <STATE>1</STATE>
    <CLSCCINCL>X</CLSCCINCL>
    <FIXPT>X</FIXPT>
    <UNICODE>X</UNICODE>
   </VSEOCLASS>
   <DESCRIPTIONS_SUB>
    <SEOSUBCOTX>
     <CMPNAME>MAKE_URL</CMPNAME>
     <SCONAME>IV_NAME</SCONAME>
     <LANGU>E</LANGU>
     <DESCRIPT>Travel agency name</DESCRIPT>
    </SEOSUBCOTX>
    <SEOSUBCOTX>
     <CMPNAME>MAKE_URL</CMPNAME>
     <SCONAME>RV_URL</SCONAME>
     <LANGU>E</LANGU>
     <DESCRIPT>Travel agency homepage URL</DESCRIPT>
    </SEOSUBCOTX>
    <SEOSUBCOTX>
     <CMPNAME>NEW_ENTRY</CMPNAME>
     <SCONAME>IV_AGENCYNUM</SCONAME>
     <LANGU>E</LANGU>
     <DESCRIPT>Travel Agency Number</DESCRIPT>
    </SEOSUBCOTX>
    <SEOSUBCOTX>
     <CMPNAME>NEW_ENTRY</CMPNAME>
     <SCONAME>IV_CITY</SCONAME>
     <LANGU>E</LANGU>
     <DESCRIPT>Kent</DESCRIPT>
    </SEOSUBCOTX>
    <SEOSUBCOTX>
     <CMPNAME>NEW_ENTRY</CMPNAME>
     <SCONAME>IV_COUNTRY</SCONAME>
     <LANGU>E</LANGU>
     <DESCRIPT>Ülke Göstergesi</DESCRIPT>
    </SEOSUBCOTX>
    <SEOSUBCOTX>
     <CMPNAME>NEW_ENTRY</CMPNAME>
     <SCONAME>IV_CURRENCY</SCONAME>
     <LANGU>E</LANGU>
     <DESCRIPT>Seyahat Acentasi Ulusal Para Birimi</DESCRIPT>
    </SEOSUBCOTX>
    <SEOSUBCOTX>
     <CMPNAME>NEW_ENTRY</CMPNAME>
     <SCONAME>IV_NAME</SCONAME>
     <LANGU>E</LANGU>
     <DESCRIPT>Travel Agency Number</DESCRIPT>
    </SEOSUBCOTX>
    <SEOSUBCOTX>
     <CMPNAME>NEW_ENTRY</CMPNAME>
     <SCONAME>IV_POSTBOX</SCONAME>
     <LANGU>E</LANGU>
     <DESCRIPT>Posta Kutusu</DESCRIPT>
    </SEOSUBCOTX>
    <SEOSUBCOTX>
     <CMPNAME>NEW_ENTRY</CMPNAME>
     <SCONAME>IV_POSTCODE</SCONAME>
     <LANGU>E</LANGU>
     <DESCRIPT>Posta Kodu</DESCRIPT>
    </SEOSUBCOTX>
    <SEOSUBCOTX>
     <CMPNAME>NEW_ENTRY</CMPNAME>
     <SCONAME>IV_REGION</SCONAME>
     <LANGU>E</LANGU>
     <DESCRIPT>Bölge</DESCRIPT>
    </SEOSUBCOTX>
    <SEOSUBCOTX>
     <CMPNAME>NEW_ENTRY</CMPNAME>
     <SCONAME>IV_STREET</SCONAME>
     <LANGU>E</LANGU>
     <DESCRIPT>Sokak</DESCRIPT>
    </SEOSUBCOTX>
    <SEOSUBCOTX>
     <CMPNAME>NEW_ENTRY</CMPNAME>
     <SCONAME>IV_TELEPHONE</SCONAME>
     <LANGU>E</LANGU>
     <DESCRIPT>Ucak Yolcusunun Telefon Numarasi</DESCRIPT>
    </SEOSUBCOTX>
    <SEOSUBCOTX>
     <CMPNAME>PREP_DATA</CMPNAME>
     <SCONAME>ET_STRAVELAG</SCONAME>
     <LANGU>E</LANGU>
     <DESCRIPT>TT for the table ZCM_STRAVELAG</DESCRIPT>
    </SEOSUBCOTX>
    <SEOSUBCOTX>
     <CMPNAME>PREP_LAYOUT</CMPNAME>
     <SCONAME>IV_COLWIDTH_OPTIMIZE</SCONAME>
     <LANGU>E</LANGU>
     <DESCRIPT>Single-Character Flag</DESCRIPT>
    </SEOSUBCOTX>
    <SEOSUBCOTX>
     <CMPNAME>PREP_LAYOUT</CMPNAME>
     <SCONAME>IV_ZEBRA</SCONAME>
     <LANGU>E</LANGU>
     <DESCRIPT>Single-Character Flag</DESCRIPT>
    </SEOSUBCOTX>
    <SEOSUBCOTX>
     <CMPNAME>SHOW_DATA</CMPNAME>
     <SCONAME>IT_STRAVELAG</SCONAME>
     <LANGU>E</LANGU>
     <DESCRIPT>TT for the table ZCM_STRAVELAG</DESCRIPT>
    </SEOSUBCOTX>
   </DESCRIPTIONS_SUB>
  </asx:values>
 </asx:abap>
</abapGit>
