﻿<?xml version="1.0" encoding="utf-8"?>
<abapGit version="v1.0.0" serializer="LCL_OBJECT_CLAS" serializer_version="v1.0.0">
 <asx:abap xmlns:asx="http://www.sap.com/abapxml" version="1.0">
  <asx:values>
   <VSEOCLASS>
    <CLSNAME>ZSTRAVELAG_NEW_ENTRY_ALV_MG1</CLSNAME>
    <LANGU>E</LANGU>
    <DESCRIPT>Alv yapisi class ile Attributes</DESCRIPT>
    <STATE>1</STATE>
    <CLSCCINCL>X</CLSCCINCL>
    <FIXPT>X</FIXPT>
    <UNICODE>X</UNICODE>
   </VSEOCLASS>
   <DESCRIPTIONS>
    <SEOCOMPOTX>
     <CMPNAME>GS_ZCM_STRAVELAG</CMPNAME>
     <LANGU>E</LANGU>
     <DESCRIPT>Travel agency</DESCRIPT>
    </SEOCOMPOTX>
    <SEOCOMPOTX>
     <CMPNAME>GT_TABLE</CMPNAME>
     <LANGU>E</LANGU>
     <DESCRIPT>TT for db table SCARR</DESCRIPT>
    </SEOCOMPOTX>
   </DESCRIPTIONS>
   <DESCRIPTIONS_SUB>
    <SEOSUBCOTX>
     <CMPNAME>MAKE_URL</CMPNAME>
     <SCONAME>IV_NAME</SCONAME>
     <LANGU>E</LANGU>
     <DESCRIPT>Travel agency name</DESCRIPT>
    </SEOSUBCOTX>
    <SEOSUBCOTX>
     <CMPNAME>MAKE_URL</CMPNAME>
     <SCONAME>RV_URL</SCONAME>
     <LANGU>E</LANGU>
     <DESCRIPT>Travel agency homepage URL</DESCRIPT>
    </SEOSUBCOTX>
    <SEOSUBCOTX>
     <CMPNAME>NEW_ENTRY</CMPNAME>
     <SCONAME>IV_AGENCYNUM</SCONAME>
     <LANGU>E</LANGU>
     <DESCRIPT>Travel Agency Number</DESCRIPT>
    </SEOSUBCOTX>
    <SEOSUBCOTX>
     <CMPNAME>NEW_ENTRY</CMPNAME>
     <SCONAME>IV_CITY</SCONAME>
     <LANGU>E</LANGU>
     <DESCRIPT>City</DESCRIPT>
    </SEOSUBCOTX>
    <SEOSUBCOTX>
     <CMPNAME>NEW_ENTRY</CMPNAME>
     <SCONAME>IV_COUNTRY</SCONAME>
     <LANGU>E</LANGU>
     <DESCRIPT>Country Code</DESCRIPT>
    </SEOSUBCOTX>
    <SEOSUBCOTX>
     <CMPNAME>NEW_ENTRY</CMPNAME>
     <SCONAME>IV_CURRENCY</SCONAME>
     <LANGU>E</LANGU>
     <DESCRIPT>Travel agency local currency</DESCRIPT>
    </SEOSUBCOTX>
    <SEOSUBCOTX>
     <CMPNAME>NEW_ENTRY</CMPNAME>
     <SCONAME>IV_NAME</SCONAME>
     <LANGU>E</LANGU>
     <DESCRIPT>Travel Agency Number</DESCRIPT>
    </SEOSUBCOTX>
    <SEOSUBCOTX>
     <CMPNAME>NEW_ENTRY</CMPNAME>
     <SCONAME>IV_POSTBOX</SCONAME>
     <LANGU>E</LANGU>
     <DESCRIPT>PO Box</DESCRIPT>
    </SEOSUBCOTX>
    <SEOSUBCOTX>
     <CMPNAME>NEW_ENTRY</CMPNAME>
     <SCONAME>IV_POSTCODE</SCONAME>
     <LANGU>E</LANGU>
     <DESCRIPT>Postal Code</DESCRIPT>
    </SEOSUBCOTX>
    <SEOSUBCOTX>
     <CMPNAME>NEW_ENTRY</CMPNAME>
     <SCONAME>IV_REGION</SCONAME>
     <LANGU>E</LANGU>
     <DESCRIPT>Region</DESCRIPT>
    </SEOSUBCOTX>
    <SEOSUBCOTX>
     <CMPNAME>NEW_ENTRY</CMPNAME>
     <SCONAME>IV_STREET</SCONAME>
     <LANGU>E</LANGU>
     <DESCRIPT>Street</DESCRIPT>
    </SEOSUBCOTX>
    <SEOSUBCOTX>
     <CMPNAME>NEW_ENTRY</CMPNAME>
     <SCONAME>IV_TELEPHONE</SCONAME>
     <LANGU>E</LANGU>
     <DESCRIPT>Telephone number of flight customer</DESCRIPT>
    </SEOSUBCOTX>
    <SEOSUBCOTX>
     <CMPNAME>PREP_DATA</CMPNAME>
     <SCONAME>ET_STRAVELAG</SCONAME>
     <LANGU>E</LANGU>
     <DESCRIPT>TT for the table ZCM_STRAVELAG</DESCRIPT>
    </SEOSUBCOTX>
    <SEOSUBCOTX>
     <CMPNAME>PREP_FCAT</CMPNAME>
     <SCONAME>NO_FCAT</SCONAME>
     <LANGU>E</LANGU>
     <DESCRIPT>fieldcatalog Olusturulamadi</DESCRIPT>
    </SEOSUBCOTX>
    <SEOSUBCOTX>
     <CMPNAME>PREP_LAYOUT</CMPNAME>
     <SCONAME>IV_COLWIDTH_OPTIMIZE</SCONAME>
     <LANGU>E</LANGU>
     <DESCRIPT>Single-Character Flag</DESCRIPT>
    </SEOSUBCOTX>
    <SEOSUBCOTX>
     <CMPNAME>PREP_LAYOUT</CMPNAME>
     <SCONAME>IV_ZEBRA</SCONAME>
     <LANGU>E</LANGU>
     <DESCRIPT>Single-Character Flag</DESCRIPT>
    </SEOSUBCOTX>
    <SEOSUBCOTX>
     <CMPNAME>SHOW_DATA</CMPNAME>
     <SCONAME>IT_STRAVELAG</SCONAME>
     <LANGU>E</LANGU>
     <DESCRIPT>TT for the table ZCM_STRAVELAG</DESCRIPT>
    </SEOSUBCOTX>
   </DESCRIPTIONS_SUB>
  </asx:values>
 </asx:abap>
</abapGit>
